﻿{
	"rss": {
		"channel": {
			"title": "Najnowsze wiadomości - TVN24",
			"description": "Czytaj najnowsze wiadomości z kraju i ze świata oraz oglądaj wideo w portalu TVN24! U nas zawsze najświeższe informacje, unikalne wideo, relacje na żywo.",
			"link": "https://tvn24.pl/najnowsze/",
			"language": "pl",
			"copyright": "TVN",
			"lastBuildDate": "2020-11-11T19:13:11.000Z",
			"item": [
				{
					"title": "\"To, co dzisiaj widzieliśmy w Warszawie, to nie jest patriotyzm\"",
					"link": "https://tvn24.pl/polska/marsz-w-warszawie-w-swieto-niepodleglosci-11-listopada-tomasz-trela-i-patryk-jaki-komentuja-4748365?source=rss",
					"description": {
						"__cdata": "\n    <img src=\"https://tvn24.pl/najnowsze/cdn-zdjecie-izmiv7-11-1925-fpf-cl-4748397/alternates/LANDSCAPE_1280\" alt=\"\"To, co dzisiaj widzieliśmy w Warszawie, to nie jest patriotyzm\"\" />\nMnie by do głowy nie przyszło, że można posunąć się do takich rzeczy – napadać na policjantów, podpalać mieszkania, zamiast flag biało-czerwonych w rękach trzymać race kibolskie - powiedział w \"Faktach po Faktach\" wiceszef klubu Lewicy Tomasz Trela, komentując przebieg marszu w stolicy w dniu Święta Niepodległości. Zdaniem europosła PiS Patryka Jakiego z Solidarnej Polski \"zdecydowanie więcej niż elementów chuligańskich\" było osób, które \"spokojnie sobie przejechały z biało czerwoną flagą, pokazując jak Polska jest dla nich ważna\".\n"
					},
					"pubDate": "2020-11-11T19:13:11.000Z",
					"guid": "https://tvn24.pl/polska/marsz-w-warszawie-w-swieto-niepodleglosci-11-listopada-tomasz-trela-i-patryk-jaki-komentuja-4748365"
				},
				{
					"title": "Starcia z policją, użyta broń gładkolufowa, podpalone mieszkanie. Burzliwy przebieg 11 listopada w Warszawie",
					"link": "https://tvn24.pl/polska/warszawa-marsz-narodowcow-11-listopada-starcia-z-policja-pozar-w-centrum-miasta-4748315?source=rss",
					"description": {
						"__cdata": "\n    <img src=\"https://tvn24.pl/tvnwarszawa/najnowsze/cdn-zdjecie-qu9qxs-starcia-policji-i-uczestnikow-marszu-na-rondzie-de-gaullea-4748227/alternates/LANDSCAPE_1280\" alt=\"Starcia z policją, użyta broń gładkolufowa, podpalone mieszkanie. Burzliwy przebieg 11 listopada w Warszawie\" />\nMiała być jedynie manifestacja w formie zmotoryzowanej, był też jednak - mimo zakazu - tradycyjny marsz. A dodatkowo starcia uczestników z policją, rzucanie racami i kamieniami i doprowadzenie do pożaru w jednym z mieszkań. Policja użyła broni gładkolufowej. Tak wyglądały w Warszawie obchody 11 listopada. Rzecznik stowarzyszenia Marsz Niepodległości Robert Bąkiewicz stwierdził, że funkcjonariusze przyjęli \"prowokacyjną postawę\", rzecznik stołecznej policji odpowiada, że były \"brutalne ataki na policjantów\". \"Oto jak skrajna prawica - tak hołubiona przez rządzących - 'świętuje' Święto Niepodległości\" - skomentował prezydent miasta Rafał Trzaskowski.\n"
					},
					"pubDate": "2020-11-11T19:02:00.000Z",
					"guid": "https://tvn24.pl/polska/warszawa-marsz-narodowcow-11-listopada-starcia-z-policja-pozar-w-centrum-miasta-4748315"
				},
				{
					"title": "\"Przestaliście być ostrożni\". W Szwecji zakaz sprzedaży alkoholu w lokalach po 22 ",
					"link": "https://tvn24.pl/swiat/koronawirus-w-szwecji-zakaz-sprzedazy-alkoholu-w-lokalach-po-22-4748364?source=rss",
					"description": {
						"__cdata": "\n    <img src=\"https://tvn24.pl/najnowsze/cdn-zdjecie-jlejra-koronawirus-w-szwecji-4748381/alternates/LANDSCAPE_1280\" alt=\"\"Przestaliście być ostrożni\". W Szwecji zakaz sprzedaży alkoholu w lokalach po 22 \" />\nSzwedzki rząd ogłosił wprowadzenie od 20 listopada zakazu sprzedaży alkoholu w lokalach gastronomicznych po godzinie 22. Decyzja została podjęta w związku z szybkim rozwojem pandemii COVID-19. Ogłoszono ją w środę.\n"
					},
					"pubDate": "2020-11-11T18:48:09.000Z",
					"guid": "https://tvn24.pl/swiat/koronawirus-w-szwecji-zakaz-sprzedazy-alkoholu-w-lokalach-po-22-4748364"
				},
				{
					"title": "\"Dokładna istota przewin\" kardynała McCarricka. Szczegóły z watykańskiego raportu",
					"link": "https://tvn24.pl/swiat/watykan-opublikowal-raport-kardynal-theodore-mccarrick-i-zarzuty-pod-jego-adresem-4748291?source=rss",
					"description": {
						"__cdata": "\n    <img src=\"https://tvn24.pl/najnowsze/cdn-zdjecie-0o2pkq-theodore-mccarrick-z-papiezem-franciszkiem-w-2015-roku-4747508/alternates/LANDSCAPE_1280\" alt=\"\"Dokładna istota przewin\" kardynała McCarricka. Szczegóły z watykańskiego raportu\" />\nKolejni papieże mieli informacje o oskarżeniach o molestowanie seksualne wobec Theodore'a McCarricka, jednak zajmował on coraz wyższe stanowiska w Kościele katolickim. Na kardynała mianował go papież Jan Paweł II. Wszystko to opisano w raporcie Stolicy Apostolskiej, który został opublikowany we wtorek. Wyjaśniamy najważniejsze informacje z raportu.\n"
					},
					"pubDate": "2020-11-11T18:28:00.000Z",
					"guid": "https://tvn24.pl/swiat/watykan-opublikowal-raport-kardynal-theodore-mccarrick-i-zarzuty-pod-jego-adresem-4748291"
				},
				{
					"title": "Starcia z policją, podpalone mieszkanie. Przez Warszawę przeszedł marsz narodowców",
					"link": "https://tvn24.pl/tvnwarszawa/najnowsze/warszawa-marsz-niepodleglosci-2020-relacja-tvnwarszawapl-4748067?source=rss",
					"description": {
						"__cdata": "\n    <img src=\"https://tvn24.pl/tvnwarszawa/najnowsze/cdn-zdjecie-ne6g6q-przygotowania-do-przejazdu-4748110/alternates/LANDSCAPE_1280\" alt=\"Starcia z policją, podpalone mieszkanie. Przez Warszawę przeszedł marsz narodowców\" />\nMimo pandemii, narodowcy zorganizowali manifestację w Święto Niepodległości. I choć początkowo zapowiadali, że ze względów bezpieczeństwa przyjmie ona zmotoryzowaną formę, to wiele osób zdecydowało się na uczestniczenie w tradycyjnym pochodzie. Doszło do zamieszek i strać. Zdaniem policji i władz miasta, zgromadzenie było nielegalne. Jego przebieg relacjonowaliśmy na tvnwarszawa.pl.\n"
					},
					"pubDate": "2020-11-11T12:05:45.000Z",
					"guid": "https://tvn24.pl/tvnwarszawa/najnowsze/warszawa-marsz-niepodleglosci-2020-relacja-tvnwarszawapl-4748067"
				},
				{
					"title": "Rodzice twierdzą, że nie mają warunków do zdalnej nauki i wysyłają dzieci do szkoły. \"To nieodpowiedzialne\"",
					"link": "https://tvn24.pl/polska/nauka-zdalna-w-domach-rodzice-wysylaja-dzieci-do-szkoly-twierdza-ze-nie-maja-odpowiednich-warunkow-4747980?source=rss",
					"description": {
						"__cdata": "\n    <img src=\"https://tvn24.pl/najnowsze/cdn-zdjecie-vmt8ch-klasa-szkola-nauczanie-zdalne-tvn24-4747975/alternates/LANDSCAPE_1280\" alt=\"Rodzice twierdzą, że nie mają warunków do zdalnej nauki i wysyłają dzieci do szkoły. \"To nieodpowiedzialne\"\" />\nW Żorach w województwie śląskim kilkunastu rodziców z jednej klasy zgłosiło, że nie mają warunków do zdalnej edukacji i zwróciło się do dyrekcji, by zorganizowała lekcje w szkole. - Wcześniej nie zgłaszali żadnych problemów, więc mamy obawy, że to próba obejścia przepisów - mówi Ilona Witala-Sługa z rybnickiego Związku Nauczycielstwa Polskiego. Ale ten problem dotyczący nie tylko Żor.\n"
					},
					"pubDate": "2020-11-11T18:14:36.000Z",
					"guid": "https://tvn24.pl/polska/nauka-zdalna-w-domach-rodzice-wysylaja-dzieci-do-szkoly-twierdza-ze-nie-maja-odpowiednich-warunkow-4747980"
				},
				{
					"title": "Chciała pozbawienia ojca kontroli nad jej życiem i majątkiem. Britney Spears przegrała w sądzie",
					"link": "https://tvn24.pl/kultura-i-styl/britney-spears-przegrala-w-sadzie-jej-ojciec-utrzyma-kontrole-nad-finansami-i-zyciem-prywatnym-piosenkarki-4748280?source=rss",
					"description": {
						"__cdata": "\n    <img src=\"https://tvn24.pl/najnowsze/cdn-zdjecie-wqnoay-britney-spears-4748302/alternates/LANDSCAPE_1280\" alt=\"Chciała pozbawienia ojca kontroli nad jej życiem i majątkiem. Britney Spears przegrała w sądzie\" />\nGwiazda muzyki pop Britney Spears przegrała proces o zmianę zasad sprawowania kurateli nad nią. Amerykański sąd odrzucił wniosek o pozbawienie jej ojca Jamesa Spearsa roli oficjalnego zarządcy majątku piosenkarki, łącznie z prawem do kontroli nad wieloma aspektami jej życia prywatnego. Wyznaczył jednak dla niej współkuratora.\n"
					},
					"pubDate": "2020-11-11T18:04:47.000Z",
					"guid": "https://tvn24.pl/kultura-i-styl/britney-spears-przegrala-w-sadzie-jej-ojciec-utrzyma-kontrole-nad-finansami-i-zyciem-prywatnym-piosenkarki-4748280"
				},
				{
					"title": "Policja po marszu: dbamy o bezpieczeństwo wszystkich osób, nawet jeżeli będziemy przez część z nich atakowani",
					"link": "https://tvn24.pl/tvnwarszawa/najnowsze/policja-po-marszu-dbamy-o-bezpieczenstwo-wszystkich-osob-nawet-jezeli-bedziemy-przez-czesc-z-nich-atakowani-4748289?source=rss",
					"description": {
						"__cdata": "\n    <img src=\"https://tvn24.pl/tvnwarszawa/najnowsze/cdn-zdjecie-5sqz5s-starcia-policji-i-uczestnikow-marszu-4748287/alternates/LANDSCAPE_1280\" alt=\"Policja po marszu: dbamy o bezpieczeństwo wszystkich osób, nawet jeżeli będziemy przez część z nich atakowani\" />\n- Tam, gdzie mamy do czynienia z brutalnym działaniem, zniszczeniem mienia, kiedy policjanci zostają ranni, kiedy trafiają do szpitala, nie mamy do czynienia z niczym, co nazywa się pokojowym zgromadzeniem - powiedział podczas konferencji prasowej po marszu narodowców rzecznik Komendy Stołecznej Policji Sylwester Marczak.\n"
					},
					"pubDate": "2020-11-11T17:26:05.000Z",
					"guid": "https://tvn24.pl/tvnwarszawa/najnowsze/policja-po-marszu-dbamy-o-bezpieczenstwo-wszystkich-osob-nawet-jezeli-bedziemy-przez-czesc-z-nich-atakowani-4748289"
				},
				{
					"title": "Były rzecznik ABW: jeden nieodpowiedzialny ruch policjanta może spowodować eskalację",
					"link": "https://tvn24.pl/polska/marsz-niepodleglosci-w-warszawie-maciej-karczynski-byly-rzecznik-abw-komentuje-przebieg-i-dzialania-policji-4748238?source=rss",
					"description": {
						"__cdata": "\n    <img src=\"https://tvn24.pl/najnowsze/cdn-zdjecie-gbg1hd-marsz-niepodleglosci-w-warszawie-4748270/alternates/LANDSCAPE_1280\" alt=\"Były rzecznik ABW: jeden nieodpowiedzialny ruch policjanta może spowodować eskalację\" />\nPolicjanci muszą stosować taką taktykę, która jest najbardziej racjonalna w danej sytuacji - wyjaśniał Maciej Karczyński, były policjant i były rzecznik Agencji Bezpieczeństwa Wewnętrznego. Komentował w TVN24 przebieg marszu w stolicy, podczas którego doszło do kilku incydentów. Manifestujący starli się z policją, a w jednym z mieszkań przy moście Poniatowskiego wybuchł pożar od rzuconej racy.\n"
					},
					"pubDate": "2020-11-11T16:50:10.000Z",
					"guid": "https://tvn24.pl/polska/marsz-niepodleglosci-w-warszawie-maciej-karczynski-byly-rzecznik-abw-komentuje-przebieg-i-dzialania-policji-4748238"
				},
				{
					"title": "Wieniec pod Łukiem Triumfalnym, płomień przed Grobem Nieznanego Żołnierza",
					"link": "https://tvn24.pl/swiat/francja-rocznica-zakonczenia-i-wojny-swiatowej-emmanuel-macron-zlozyl-wieniec-pod-lukiem-triumfalnym-4748223?source=rss",
					"description": {
						"__cdata": "\n    <img src=\"https://tvn24.pl/najnowsze/cdn-zdjecie-dzee0h-prezydent-francji-przed-lukiem-tryumfalnym-4748221/alternates/LANDSCAPE_1280\" alt=\"Wieniec pod Łukiem Triumfalnym, płomień przed Grobem Nieznanego Żołnierza\" />\nPrezydent Emmanuel Macron przewodniczył ceremonii z okazji rocznicy zakończenia I wojny światowej. W jej ramach złożył między innymi wieniec pod Łukiem Triumfalnym w Paryżu.\n"
					},
					"pubDate": "2020-11-11T16:26:00.000Z",
					"guid": "https://tvn24.pl/swiat/francja-rocznica-zakonczenia-i-wojny-swiatowej-emmanuel-macron-zlozyl-wieniec-pod-lukiem-triumfalnym-4748223"
				}
			]
		},
		"_version": "2.0",
		"_xmlns:atom": "http://www.w3.org/2005/Atom"
	}
}